{"dropout": 0.302251013787459, "lr": 1.2442880489181855e-05, "weight_decay": 9.484555296135257e-06, "batch_size": 16}