{"epoch": [1, 2, 3, 4, 5, 6, 7, 8, 9, 10], "train_loss": [0.6804881691932678, 0.6491001844406128, 0.6408852934837341, 0.6030394434928894, 0.6018136739730835, 0.5845655798912048, 0.5703901648521423, 0.5529009699821472, 0.5333113074302673, 0.5366795063018799], "train_acc": [0.5, 0.8, 0.6, 0.8, 0.5, 0.7, 0.8, 0.8, 1.0, 0.8], "val_loss": [0.6524357199668884, 0.6387255787849426, 0.6248370409011841, 0.6115829348564148, 0.5994131565093994, 0.5888997316360474, 0.5783844590187073, 0.5685985684394836, 0.5591949224472046, 0.5496786236763], "val_acc": [0.8, 0.8, 0.8, 0.8, 0.8, 0.8, 0.8, 0.8, 0.8, 0.8]}