{
  "epoch": [
    1,
    2,
    3,
    4,
    5,
    6,
    7,
    8,
    9,
    10,
    11,
    12,
    13,
    14,
    15,
    16,
    17,
    18,
    19,
    20,
    21,
    22,
    23,
    24,
    25,
    26,
    27,
    28,
    29,
    30,
    31,
    32,
    33,
    34,
    35,
    36,
    37,
    38,
    39,
    40,
    41,
    42,
    43,
    44,
    45,
    46,
    47,
    48,
    49,
    50,
    51,
    52,
    53,
    54,
    55,
    56,
    57,
    58,
    59,
    60,
    61,
    62,
    63,
    64,
    65,
    66,
    67,
    68,
    69,
    70,
    71,
    72,
    73,
    74,
    75,
    76,
    77,
    78,
    79,
    80,
    81,
    82,
    83,
    84,
    85,
    86,
    87,
    88,
    89,
    90,
    91,
    92,
    93,
    94,
    95,
    96,
    97,
    98,
    99,
    100
  ],
  "train_loss": [
    0.3939135100623095,
    0.2892870088078961,
    0.24110319713211578,
    0.19389843635654413,
    0.15666945299642704,
    0.1274658163112837,
    0.11221259219560378,
    0.09666392505718453,
    0.09002853911876192,
    0.0821377074909946,
    0.07818409359293718,
    0.07134395824717821,
    0.06289151438193032,
    0.06343350612901162,
    0.06318884661666303,
    0.05125931040572327,
    0.05720845913709364,
    0.05251884915737069,
    0.05598576220541669,
    0.049721578958369095,
    0.047007923513637875,
    0.042614582777668664,
    0.0427305795260503,
    0.04128572367917965,
    0.04915182590000384,
    0.04422509787461947,
    0.035674754792695315,
    0.031278552171352204,
    0.03971061152447388,
    0.033669179463145696,
    0.033946335318957625,
    0.033799754056332704,
    0.03398591385553485,
    0.030911191965839992,
    0.0269794971886632,
    0.03005866304224611,
    0.026774128507561088,
    0.025003170512872153,
    0.029859369400922032,
    0.02600783125323365,
    0.026390759914267044,
    0.02680013883224736,
    0.022453506373377247,
    0.01932984894493326,
    0.02123073212794524,
    0.026509049354793413,
    0.023606735983462076,
    0.024529240065468843,
    0.0185081229995455,
    0.022461789073946893,
    0.02261607580090719,
    0.014763595965237835,
    0.022612615778854595,
    0.023344162154901354,
    0.016415271797464947,
    0.01583388181114608,
    0.021479800565321734,
    0.015319963174259226,
    0.018817747902525727,
    0.019390404556645466,
    0.018904113118035904,
    0.020653151225631078,
    0.015522856331348216,
    0.012981107006821138,
    0.012289421984745707,
    0.020929778821795853,
    0.016277609437511612,
    0.014226509765553064,
    0.015902062037684746,
    0.010450416354079489,
    0.021535895011732503,
    0.018931838057237062,
    0.010823871366646969,
    0.011785841801756985,
    0.018844776470314455,
    0.01403061247442537,
    0.010258655754675957,
    0.01796867712240534,
    0.017142389225257192,
    0.016284511184235188,
    0.009624169338769308,
    0.017150660324873373,
    0.013098395424015547,
    0.011822215059163066,
    0.01504025903352542,
    0.011952148388331101,
    0.011497952407613716,
    0.011131538118971825,
    0.013969899934952833,
    0.011547834198140748,
    0.00807638415428967,
    0.022136195235766848,
    0.015270022717806558,
    0.013688860545098916,
    0.012581479265781188,
    0.016746701071911868,
    0.009974396705038992,
    0.011711742016311477,
    0.009775025583030866,
    0.013842205370656866
  ],
  "train_acc": [
    0.7929481205343274,
    0.8595060577819198,
    0.8904162783473129,
    0.9200062131096614,
    0.9363932898415657,
    0.9478098788443616,
    0.9544113078595837,
    0.9603137620379,
    0.963264989127058,
    0.9640416278347312,
    0.9669151910531221,
    0.96784715750233,
    0.9714196955576266,
    0.9699440820130475,
    0.9709537123330226,
    0.9767785026405716,
    0.976157191674433,
    0.9745262503883193,
    0.9745262503883193,
    0.9794190742466604,
    0.9798073936004971,
    0.9804287045666356,
    0.9822149735942839,
    0.9822149735942839,
    0.981515998757378,
    0.9821373097235166,
    0.9851662006834421,
    0.9874961168064617,
    0.9841565703634669,
    0.9855545200372786,
    0.9867194780987885,
    0.9867194780987885,
    0.9872631251941597,
    0.9877291084187636,
    0.9898260329294812,
    0.9891270580925753,
    0.9893600497048773,
    0.9895930413171793,
    0.98928238583411,
    0.9906803355079217,
    0.9898260329294812,
    0.9899036968002485,
    0.9922336129232681,
    0.9935538987263125,
    0.9915346380863622,
    0.990757999378689,
    0.9917676296986642,
    0.990757999378689,
    0.9937092264678472,
    0.9913016464740603,
    0.9925442684063374,
    0.9947188567878223,
    0.9926995961478721,
    0.9923112767940354,
    0.9940975458216837,
    0.9943305374339857,
    0.9923889406648028,
    0.9954954954954955,
    0.9936315625970799,
    0.9930102516309413,
    0.992932587760174,
    0.9941752096924511,
    0.9939422180801492,
    0.9956508232370301,
    0.9965051258154707,
    0.9925442684063374,
    0.9947965206585896,
    0.9944858651755204,
    0.9947965206585896,
    0.9960391425908667,
    0.9925442684063374,
    0.9933209071140106,
    0.9965827896862379,
    0.996116806461634,
    0.9941752096924511,
    0.9961944703324014,
    0.9967381174277726,
    0.9937092264678472,
    0.9945635290462876,
    0.9950295122708915,
    0.9962721342031687,
    0.9933985709847779,
    0.9949518484001243,
    0.9958838148493321,
    0.9955731593662628,
    0.9962721342031687,
    0.9961944703324014,
    0.9961944703324014,
    0.9956508232370301,
    0.9966604535570053,
    0.9970487729108419,
    0.9955731593662628,
    0.9957284871077975,
    0.9954954954954955,
    0.9958061509785647,
    0.9951848400124262,
    0.9968157812985399,
    0.9964274619447033,
    0.9968934451693072,
    0.9955731593662628
  ],